<?xml version="1.0" encoding="utf-8"?>

<prefix name="spodtutorial" label="SPOD Tutorial" language_tag="en" language_label="English">
<key name="widget_title"><value>Knowledge and Challenges</value></key>
<key name="infobox_title"><value>Info about this challenge</value></key>
<key name="new_challenge"><value>You've got a new challenge</value></key>
<key name="new_datalet_title"><value>Let's create a new Datalet</value></key>
<key name="new_datalet_body"><value>Create a Datalet for your next post</value></key>
<key name="filter_title"><value>Use filters</value></key>
<key name="filter_body"><value>Create a Datalet using filters on dataset</value></key>
<key name="group_title"><value>Use group</value></key>
<key name="group_body"><value>Create a Datalet using group function on dataset</value></key>
<key name="groupfilter_title"><value>Filter and group</value></key>
<key name="groupfilter_body"><value>Create a Datalet using filters and group function on dataset</value></key>
<key name="datatable_title"><value>Use a Datatable Datalet</value></key>
<key name="datatable_body"><value>Create a Datalet using Datatable as graphic</value></key>
<key name="barchart_title"><value>Use a Barchart Datalet</value></key>
<key name="barchart_body"><value>Create a Datalet using Barchart as graphic</value></key>
<key name="map_title"><value>Use a Map Datalet</value></key>
<key name="map_body"><value>Create a Datalet using Map as graphic</value></key>
<key name="copy_title"><value>Copy a Datalet</value></key>
<key name="copy_body"><value>Import a Datalet into your Private Space</value></key>
<key name="reuse_title"><value>Reuse a Datalet</value></key>
<key name="reuse_body"><value>Use a Datalet, choosing it from your Private Space</value></key>
<key name="export_title"><value>Export a Datalet</value></key>
<key name="export_body"><value>If you are interested in a specific Datalet you have seen, export it!</value></key>
<key name="new_link_title"><value>Create a Link</value></key>
<key name="new_link_body"><value>Save a link into your Private Space</value></key>
<key name="reuse_link_title"><value>Use a Link</value></key>
<key name="reuse_link_body"><value>Reuse a Link, choosing it from your Private Space</value></key>
<key name="attach_title"><value>Attach it!</value></key>
<key name="attach_body"><value>Insert an Attachement to your next post</value></key>
<key name="new_text_title"><value>Create a Text</value></key>
<key name="new_text_body"><value>Note a Text into your Private Space</value></key>
<key name="cocreation_title"><value>CoCreate!</value></key>
<key name="cocreation_body"><value>Create a CoCreation Data Room to work on a new dataset</value></key>
<key name="publish_title"><value>Publish your work</value></key>
<key name="publish_body"><value>Publish a dataset created into a CoCreation Room</value></key>
<key name="post_title"><value>Update your status</value></key>
<key name="post_body"><value>Insert a new post on the platform, updating your status</value></key>
<key name="like_title"><value>I Like it!</value></key>
<key name="like_body"><value>Put your Like on an interesting element on the platform</value></key>
<key name="comment_title"><value>BlaBla Datalet</value></key>
<key name="comment_body"><value>Comment a post adding a Datalet to your comment</value></key>
</prefix>