<?xml version="1.0" encoding="utf-8"?>
<prefix name="spodtutorial" label="SPOD Tutorial" language_tag="it" language_label="Italiano">
<key name="widget_title"><value>Knowledge and Challenges</value></key>
<key name="infobox_title"><value>Informazioni Challenge</value></key>
<key name="new_challenge"><value>Hai una nuova Challenge, provala!</value></key>
<key name="new_datalet_title"><value>Crea una Datalet!</value></key>
<key name="new_datalet_body"><value>Crea una datalet nel tuo prossimo post</value></key>
<key name="filter_title"><value>Usa i filtri</value></key>
<key name="filter_body"><value>Crea una Datalet attivando i filtri sul dataset</value></key>
<key name="group_title"><value>Usa il raggruppamento</value></key>
<key name="group_body"><value>Crea una Datalet attivando un raggruppamento sul dataset</value></key>
<key name="groupfilter_title"><value>Filtra e raggruppa</value></key>
<key name="groupfilter_body"><value>Crea una Datalet usando i filtri e la funzione di raggruppamento sul dataset</value></key>
<key name="datatable_title"><value>Usa una Datatable Datalet</value></key>
<key name="datatable_body"><value>Crea una Datalet usando la componente Datatable come visualizzazione</value></key>
<key name="barchart_title"><value>Usa una Barchart Datalet</value></key>
<key name="barchart_body"><value>Crea una Datalet usando la componente Barchart come visualizzazione</value></key>
<key name="map_title"><value>Crea la Mappa</value></key>
<key name="map_body"><value>Crea una Datalet usando la componente Mappa come visualizzazione</value></key>
<key name="copy_title"><value>Copia una Datalet</value></key>
<key name="copy_body"><value>Importa una Datalet nel tuo Spazio Privato</value></key>
<key name="reuse_title"><value>Riutilizza una Datalet</value></key>
<key name="reuse_body"><value>Usa una Datalet, prendendola tra quelle create nel tuo Spazio Privato</value></key>
<key name="agora_title"><value>Crea nell'Agora</value></key>
<key name="agora_body"><value>Se hai avuto un'idea, crea una stanza pubblica nella sezione agora per discuterne</value></key>
<key name="new_link_title"><value>Annotati un Link</value></key>
<key name="new_link_body"><value>Salva un Link nel tuo Spazio Privato</value></key>
<key name="reuse_link_title"><value>Usa un Link</value></key>
<key name="reuse_link_body"><value>Riusa un Link, prendendolo tra quelli creati nel tuo Spazio Privato</value></key>
<key name="attach_title"><value>Attacca!</value></key>
<key name="attach_body"><value>Inserisci un allegato al tuo prossimo post</value></key>
<key name="new_text_title"><value>Crea un Testo</value></key>
<key name="new_text_body"><value>Prendi nota di un testo nel tuo Spazio Privato</value></key>
<key name="cocreation_title"><value>CoCreate!</value></key>
<key name="cocreation_body"><value>Crea una stanza di CoCreation per lavorare ad un nuovo dataset</value></key>
<key name="publish_title"><value>Pubblica il tuo lavoro</value></key>
<key name="publish_body"><value>Rendi pubblico un dataset che hai creato in una stanza di CoCreation</value></key>
<key name="post_title"><value>Scrivi un post</value></key>
<key name="post_body"><value>Inserisci un nuovo post sulla piattaforma, aggiornando il tuo stato</value></key>
<key name="like_title"><value>I Like it!</value></key>
<key name="like_body"><value>Metti "Mi Piace" ad un elemento pubblicato da qualcun altro</value></key>
<key name="comment_title"><value>BlaBla Datalet</value></key>
<key name="comment_body"><value>Commenta un post aggiungendo una Datalet al tuo commento</value></key>
<key name="detail_title"><value>Queste sono le challenge che hai superato</value></key>
</prefix>